{
"core_profiles": {
"profiles_1d": [
{
"conductivity_parallel": [
115168989.50661474,
65193679.92971338,
43619989.03364743,
30905133.18697483,
22828701.98141203,
17516675.777753387,
13996512.064836172,
11534349.78422659,
7294036.016212532,
1966362.6075176275,
1463186.5203554174
],
"grid": {
"rho_tor_norm": [
0.0,
0.18999999999999995,
0.3599999999999999,
0.51,
0.64,
0.75,
0.8400000000000001,
0.91,
0.96,
0.99,
1.0
]
},
"j_non_inductive": [
31552.171668335086,
78702.38903670924,
72362.47403362948,
79593.97546495227,
93037.35309212391,
109432.43055825174,
128814.59105701314,
196108.47358556066,
1146736.8790706063,
395257.4986481781,
235404.76886857377
]
}
],
"time": [
2.9100000858306885
]
},
"equilibrium": {
"time": [
2.9100000858306885
],
"time_slice": [
{
"global_quantities": {
"ip": 1240788.0
},
"profiles_1d": {
"dvolume_drho_tor": [
-1.709903051142569e-10,
10.334299737569735,
19.412942110430972,
26.66189390015532,
31.859941290078183,
35.23165988291084,
37.21468692410576,
38.21135362906831,
38.66210799330246,
35.16880321155273,
33.95013572455735
],
"f": [
-3.5310323238372767,
-3.5025880346065357,
-3.4504718817151314,
-3.4177899372765426,
-3.4045569899510864,
-3.400484562151199,
-3.4007179737104005,
-3.4003336431821087,
-3.4054617930701294,
-3.4103209930841705,
-3.4107401352904723
],
"gm1": [
0.32800850765513645,
0.33072718888779395,
0.33868052235854096,
0.3520086996685468,
0.37049318982128504,
0.39246648424642144,
0.4160061909110532,
0.43871782416884864,
0.45997466138601595,
0.47778544526736194,
0.48164218395908404
],
"gm2": [
0.32653287715855983,
0.32694088643106306,
0.3371200340618278,
0.36387860513551484,
0.4089581681291154,
0.47216415552282687,
0.5527283656828188,
0.6491830089384732,
0.756489581422217,
1.0603906379844927,
1.1757191874045745
],
"gm9": [
0.5727202326137977,
0.574288626641132,
0.5791033225265311,
0.5876653677821168,
0.6000821954466695,
0.615167983051038,
0.6315392328630389,
0.6475009527210708,
0.6627733595298011,
0.6760214383341462,
0.6789600815400483
],
"j_tor": [
2478321.3286605864,
2012556.7617168983,
1326543.4035030303,
777072.0958497794,
465159.3037042094,
295237.54131997266,
235631.61560955824,
225975.2894985323,
1117556.732990168,
388065.5052938132,
237957.9540333885
],
"psi": [
3.7834718825046916e-06,
0.16617623925756272,
0.5350799233903256,
0.9340331937993459,
1.2727264055782959,
1.5298739438133868,
1.7124167700521995,
1.835121658976666,
1.9121705626270833,
1.9542020040372603,
1.9658647272081125
],
"q": [
-0.7545182108867081,
-0.8620743130678593,
-1.0739760172934625,
-1.4374329799621521,
-1.9547929550657535,
-2.6117929648935974,
-3.395787965423792,
-4.247606436227208,
-4.883680268778039,
-5.985095566784902,
-7.038491469130584
],
"rho_tor": [
0.0,
0.14465931239453664,
0.2740913520617816,
0.388296104777943,
0.4872735847668214,
0.5710237622261047,
0.639546533524793,
0.692842046320323,
0.7309102579409091,
0.7537512706626261,
0.7613649368286133
],
"rho_tor_norm": [
0.0,
0.18999999999999995,
0.3599999999999999,
0.51,
0.64,
0.75,
0.8400000000000001,
0.91,
0.96,
0.99,
1.0
]
}
}
],
"vacuum_toroidal_field": {
"b0": [
-2.081923007965088
]
}
}
}